ID,编码,名称
1,1000,北京市
2,1021,东城区
3,1022,西城区
4,1023,朝阳区
5,1024,丰台区
6,1025,石景山区
7,1026,海淀区
8,1027,密云县
9,1028,延庆县
10,1029,门头沟区
11,1031,通州区
12,1032,顺义区
13,1033,昌平区
14,1034,大兴区
15,1035,平谷区
16,1036,房山区
17,1039,怀柔区
18,1100,天津市
19,1121,宁河县
20,1123,静海县
21,1124,北辰区
22,1125,蓟县
23,1126,宝坻区
24,1127,滨海新区
25,1128,和平区
26,1129,河东区
27,1131,河西区
28,1132,南开区
29,1133,河北区
30,1134,红桥区
31,1135,东丽区
32,1136,西青区
33,1137,津南区
34,1138,武清区
35,1200,河北省
36,1210,石家庄市
37,1211,井陉县
38,1212,鹿泉区
39,1213,正定县
40,1214,栾城区
41,1215,长安区
42,1216,桥西区
43,1217,新华区
44,1218,井陉矿区
45,1219,裕华区
46,1221,辛集市
47,1222,晋州市
48,1223,深泽县
49,1224,无极县
50,1225,藁城区
51,1226,赵县
52,1227,新乐市
53,1228,高邑县
54,1229,元氏县
55,1231,赞皇县
56,1232,平山县
57,1233,灵寿县
58,1234,行唐县
59,1240,唐山市
60,1241,路南区
61,1242,路北区
62,1243,滦县
63,1244,滦南县
64,1245,乐亭县
65,1246,迁安市
66,1247,迁西县
67,1248,遵化市
68,1249,玉田县
69,1251,丰南区
70,1252,古冶区
71,1253,开平区
72,1254,丰润区
73,1255,曹妃甸区
74,1260,秦皇岛市
75,1261,青龙满族自治县
76,1262,昌黎县
77,1263,抚宁县
78,1264,卢龙县
79,1265,海港区
80,1266,山海关区
81,1267,北戴河区
82,1270,邯郸市
83,1271,邯郸县
84,1272,邯山区
85,1273,丛台区
86,1274,复兴区
87,1275,峰峰矿区
88,1281,大名县
89,1282,魏县
90,1283,曲周县
91,1284,邱县
92,1285,鸡泽县
93,1286,肥乡县
94,1287,广平县
95,1288,成安县
96,1289,临漳县
97,1291,磁县
98,1292,涉县
99,1293,永年县
100,1294,馆陶县
101,1295,武安市
102,1310,邢台市
103,1311,邢台县
104,1312,桥东区
105,1313,桥西区
106,1321,南宫市
107,1322,沙河市
108,1323,临城县
109,1324,内丘县
110,1325,柏乡县
111,1326,隆尧县
112,1327,任县
113,1328,南和县
114,1329,宁晋县
115,1331,巨鹿县
116,1332,新河县
117,1333,广宗县
118,1334,平乡县
119,1335,威县
120,1336,清河县
121,1337,临西县
122,1340,保定市
123,1341,满城县
124,1342,清苑县
125,1343,新市区
126,1344,北市区
127,1345,南市区
128,1351,定州市
129,1352,涿州市
130,1353,易县
131,1354,徐水县
132,1355,涞源县
133,1356,定兴县
134,1357,顺平县
135,1358,唐县
136,1359,望都县
137,1361,涞水县
138,1362,高阳县
139,1363,安新县
140,1364,雄县
141,1365,容城县
142,1366,高碑店市
143,1367,曲阳县
144,1368,阜平县
145,1369,安国市
146,1371,博野县
147,1372,蠡县
148,1380,张家口市
149,1381,宣化县
150,1382,桥东区
151,1383,桥西区
152,1384,宣化区
153,1385,下花园区
154,1391,张北县
155,1392,康保县
156,1393,沽源县
157,1394,尚义县
158,1395,蔚县
159,1396,阳原县
160,1397,怀安县
161,1398,万全县
162,1399,怀来县
163,1401,涿鹿县
164,1402,赤城县
165,1403,崇礼县
166,1410,承德市
167,1411,承德县
168,1412,双桥区
169,1413,双滦区
170,1414,鹰手营子矿区
171,1421,宽城满族自治县
172,1422,兴隆县
173,1423,平泉县
174,1424,滦平县
175,1425,丰宁满族自治县
176,1426,隆化县
177,1427,围场满族蒙古族自治县
178,1430,沧州市
179,1431,沧　县
180,1432,青　县
181,1433,新华区
182,1441,泊头市
183,1442,任丘市
184,1443,河间市
185,1444,肃宁县
186,1445,献　县
187,1446,吴桥县
188,1447,东光县
189,1448,南皮县
190,1449,盐山县
191,1451,黄骅市
192,1452,孟村回族自治县
193,1453,海兴县
194,1454,运河区
195,1460,廊坊市
196,1461,三河市
197,1462,固安县
198,1463,永清县
199,1464,香河县
200,1465,大城县
201,1466,文安县
202,1467,霸州市
203,1468,大厂回族自治县
204,1469,安次区
205,1471,广阳区
206,1480,衡水市
207,1481,桃城区 
208,1482,冀州市
209,1483,枣强县
210,1484,武邑县
211,1485,深州市
212,1486,武强县
213,1487,饶阳县
214,1488,安平县
215,1489,故城县
216,1491,景　县
217,1492,阜城县
218,1600,山西省
219,1610,太原市
220,1611,清徐县
221,1612,阳曲县
222,1613,娄烦县
223,1614,古交市
224,1615,尖草坪区
225,1616,小店区
226,1617,迎泽区
227,1618,杏花岭区
228,1619,万柏林区
229,1621,晋源区
230,1620,大同市
231,1631,阳高县
232,1632,天镇县
233,1633,广灵县
234,1634,灵丘县
235,1635,浑源县
236,1637,左云县
237,1638,南郊区
238,1639,大同县
239,1641,城区
240,1642,矿区
241,1643,新荣区
242,1650,阳泉市
243,1651,平定县
244,1652,盂县
245,1653,城区
246,1654,矿区
247,1655,郊区
248,1660,长治市
249,1661,长治县
250,1662,潞城市
251,1663,襄垣县
252,1664,屯留县
253,1665,平顺县
254,1666,黎城县
255,1667,壶关县
256,1668,长子县
257,1669,武乡县
258,1671,沁县
259,1672,沁源县
260,1673,城区
261,1674,郊区
262,1680,晋城市
263,1681,沁水县
264,1682,阳城县
265,1683,高平市
266,1684,陵川县
267,1685,泽州县
268,1686,城区
269,1690,朔州市
270,1691,山阴县
271,1692,应  县
272,1693,右玉县
273,1694,怀仁县
274,1695,朔城区
275,1696,平鲁区
276,1710,忻州市
277,1712,定襄县
278,1713,五台县
279,1714,原平市
280,1715,代县
281,1716,繁峙县
282,1717,宁武县
283,1718,静乐县
284,1719,神池县
285,1721,五寨县
286,1722,岢岚县
287,1723,河曲县
288,1724,保德县
289,1725,偏关县
290,1726,忻府区
291,1730,吕梁市
292,1731,汾阳市
293,1732,文水县
294,1733,交城县
295,1734,孝义市
296,1735,兴县
297,1736,临县
298,1737,柳林县
299,1738,石楼县
300,1739,岚县
301,1741,方山县
302,1743,中阳县
303,1744,交口县
304,1745,离石区
305,1750,晋中市
306,1751,榆次区
307,1752,榆社县
308,1753,左权县
309,1754,和顺县
310,1755,昔阳县
311,1756,寿阳县
312,1757,太谷县
313,1758,祁县
314,1759,平遥县
315,1761,介休市
316,1762,灵石县
317,1770,临汾市
318,1771,尧都区
319,1772,侯马市
320,1773,曲沃县
321,1774,翼城县
322,1775,襄汾县
323,1776,洪洞县
324,1777,霍州市
325,1778,古县
326,1779,安泽县
327,1781,浮山县
328,1782,吉县
329,1783,乡宁县
330,1784,蒲县
331,1785,大宁县
332,1786,永和县
333,1787,隰县
334,1788,汾西县
335,1810,运城市
336,1811,盐湖区
337,1812,永济市
338,1813,芮城县
339,1814,临猗县
340,1815,万荣县
341,1816,新绛县
342,1817,稷山县
343,1818,河津市
344,1819,闻喜县
345,1821,夏县
346,1822,绛县
347,1823,平陆县
348,1824,垣曲县
349,1900,内蒙古自治区
350,1910,呼和浩特市
351,1911,土默特左旗
352,1912,托克托县
353,1913,武川县
354,1914,和林格尔县
355,1915,清水河县
356,1916,回民区
357,1917,如意开发区
358,1918,赛罕区
359,1919,新城区
360,2061,玉泉区
361,1920,包头市
362,1921,土默特右旗
363,1922,固阳县
364,1923,达尔罕茂明安联合旗
365,1924,东河区
366,1925,昆都仑区
367,1926,青山区
368,1927,石拐区
369,1928,白云鄂博矿区
370,1929,九原区
371,1930,乌海市
372,1931,海勃湾区
373,1932,海南区
374,1933,乌达区
375,1940,赤峰市
376,1941,阿鲁科尔沁旗
377,1942,巴林左旗
378,1943,巴林右旗
379,1944,林西县
380,1945,克什克腾旗
381,1946,翁牛特旗
382,1947,喀喇沁旗
383,1948,宁城县
384,1949,敖汉旗
385,1951,红山区
386,1952,元宝山区
387,1953,松山区
388,1960,呼伦贝尔市
389,1961,海拉尔区
390,1962,满洲里市
391,1963,扎兰屯市
392,1964,牙克石市
393,1965,阿荣旗
394,1966,莫力达瓦达斡尔族自治旗
395,1967,额尔古纳市
396,1968,根河市
397,1969,鄂伦春自治旗
398,1971,鄂温克族自治旗
399,1972,新巴尔虎右旗
400,1973,新巴尔虎左旗
401,1974,陈巴尔虎旗
402,1975,扎赉诺尔区
403,1980,兴安盟
404,1981,乌兰浩特市
405,1982,科尔沁右翼前旗
406,1983,科尔沁右翼中旗
407,1984,扎赉特旗
408,1985,突泉县
409,1986,阿尔山市
410,1990,通辽市
411,1991,科尔沁区
412,1992,霍林郭勒市
413,1993,科尔沁左翼中旗
414,1994,科尔沁左翼后旗
415,1995,开鲁县
416,1996,库伦旗
417,1997,奈曼旗
418,1998,扎鲁特旗
419,2010,锡林郭勒盟
420,2011,二连浩特市
421,2012,锡林浩特市
422,2013,阿巴嘎旗
423,2014,苏尼特左旗
424,2015,苏尼特右旗
425,2016,东乌珠穆沁旗
426,2017,西乌珠穆沁旗
427,2018,太仆寺旗
428,2019,镶黄旗
429,2021,正镶白旗
430,2022,正蓝旗
431,2023,多伦县
432,2030,乌兰察布市
433,2031,集宁区
434,2035,卓资县
435,2036,化德县
436,2037,商都县
437,2038,兴和县
438,2039,丰镇市
439,2041,凉城县
440,2042,察哈尔右翼前旗
441,2043,察哈尔右翼中旗
442,2044,察哈尔右翼后旗
443,2046,四子王旗
444,2050,鄂尔多斯市
445,2051,东胜区
446,2052,达拉特旗
447,2053,准格尔旗
448,2054,鄂托克前旗
449,2055,鄂托克旗
450,2056,杭锦旗
451,2057,乌审旗
452,2058,伊金霍洛旗
453,2070,巴彦淖尔市
454,2071,临河区
455,2072,五原县
456,2073,磴口县
457,2074,乌拉特前旗
458,2075,乌拉特中旗
459,2076,乌拉特后旗
460,2077,杭锦后旗
461,2080,阿拉善盟
462,2081,阿拉善左旗
463,2082,阿拉善右旗
464,2083,额济纳旗
465,2200,辽宁省
466,2210,沈阳市
467,2211,新民市
468,2212,辽中县
469,2213,康平县
470,2214,法库县
471,2215,沈北新区
472,2216,和平区
473,2217,沈河区
474,2218,大东区
475,2219,皇姑区
476,2351,铁西区
477,2352,苏家屯区
478,2353,浑南区
479,2354,于洪区
480,2220,大连市
481,2221,普兰店市
482,2222,长海县
483,2223,庄河市
484,2224,瓦房店市
485,2225,中山区
486,2226,西岗区
487,2227,沙河口区
488,2228,甘井子区
489,2229,旅顺口区
490,2371,金州区
491,2230,鞍山市
492,2231,台安县
493,2232,海城市
494,2233,岫岩满族自治县
495,2234,铁东区
496,2235,铁西区
497,2236,立山区
498,2237,千山区
499,2240,抚顺市
500,2241,抚顺县
501,2242,新宾满族自治县
502,2243,清原满族自治县
503,2244,新抚区
504,2245,东洲区
505,2246,望花区
506,2247,顺城区
507,2250,本溪市
508,2251,本溪满族自治县
509,2252,桓仁满族自治县
510,2253,平山区
511,2254,溪湖区
512,2255,明山区
513,2256,南芬区
514,2260,丹东市
515,2261,凤城市
516,2263,东港市
517,2264,宽甸满族自治县
518,2265,元宝区
519,2266,振安区
520,2267,振兴区
521,2270,锦州市
522,2271,太和区
523,2272,凌海市
524,2273,北镇市
525,2274,黑山县
526,2275,义　县
527,2276,古塔区
528,2277,凌河区
529,2280,营口市
530,2281,大石桥市
531,2282,盖州市
532,2283,站前区
533,2284,西市区
534,2285,鲅鱼圈区
535,2286,老边区
536,2290,阜新市
537,2291,阜新蒙古族自治县
538,2292,彰武县
539,2293,海州区
540,2294,新邱区
541,2295,太平区
542,2296,清河门区
543,2297,细河区
544,2310,辽阳市
545,2311,辽阳县
546,2312,灯塔市
547,2313,白塔区
548,2314,文圣区
549,2315,宏伟区
550,2316,弓长岭区
551,2317,太子河区
552,2320,盘锦市
553,2321,大洼县
554,2322,盘山县
555,2323,双台子区
556,2324,兴隆台区
557,2330,铁岭市
558,2331,铁岭县
559,2332,西丰县
560,2333,昌图县
561,2336,调兵山市
562,2337,开原市
563,2338,银州区
564,2339,清河区
565,2340,朝阳市
566,2341,朝阳县
567,2342,建平县
568,2343,凌源市
569,2344,喀喇沁左翼蒙古族自治县
570,2345,龙城区
571,2346,北票市
572,2347,双塔区
573,2360,葫芦岛市
574,2361,绥中县
575,2362,建昌县
576,2363,兴城市
577,2364,连山区
578,2365,龙港区
579,2366,南票区
580,2400,吉林省
581,2410,长春市
582,2411,榆树市
583,2412,农安县
584,2413,德惠市
585,2415,九台区
586,2416,南关区
587,2417,宽城区
588,2418,朝阳区
589,2419,二道区
590,2481,绿园区
591,2482,双阳区
592,2420,吉林市
593,2421,永吉县
594,2422,舒兰市
595,2423,磐石市
596,2424,蛟河市
597,2425,桦甸市
598,2426,丰满区
599,2427,昌邑区
600,2428,龙潭区
601,2429,船营区
602,2430,四平市
603,2431,梨树县
604,2432,伊通满族自治县
605,2433,双辽市
606,2434,公主岭市
607,2435,铁西区
608,2436,铁东区
609,2440,辽源市
610,2441,东丰县
611,2442,东辽县
612,2443,龙山区
613,2444,西安区
614,2450,通化市
615,2451,通化县
616,2452,辉南县
617,2453,柳河县
618,2454,梅河口市
619,2455,集安市
620,2456,东昌区
621,2457,二道江区
622,2460,白山市
623,2461,抚松县
624,2462,靖宇县
625,2463,长白朝鲜族自治县
626,2464,临江市
627,2465,浑江区
628,2466,江源区
629,2470,白城市
630,2471,洮北区
631,2472,洮南市
632,2474,大安市
633,2477,镇赉县
634,2478,通榆县
635,2490,延边朝鲜族自治州
636,2491,延吉市
637,2492,图们市
638,2493,敦化市
639,2494,珲春市
640,2495,龙井市
641,2496,和龙市
642,2497,汪清县
643,2498,安图县
644,2510,松原市
645,2511,扶余市
646,2512,长岭县
647,2513,前郭尔罗斯蒙古族自治县
648,2514,乾安县
649,2515,宁江区
650,2600,黑龙江省
651,2610,哈尔滨市
652,2613,依兰县
653,2621,双城区
654,2622,尚志市
655,2623,宾　县
656,2624,五常市
657,2625,巴彦县
658,2626,木兰县
659,2627,通河县
660,2628,方正县
661,2629,延寿县
662,2631,道里区
663,2632,南岗区
664,2633,道外区
665,2634,平房区
666,2635,松北区
667,2636,香坊区
668,2637,呼兰区
669,2638,阿城区
670,2640,齐齐哈尔市
671,2641,龙江县
672,2642,讷河市
673,2643,依安县
674,2644,泰来县
675,2645,甘南县
676,2647,富裕县
677,2649,克山县
678,2651,克东县
679,2652,拜泉县
680,2653,龙沙区
681,2654,建华区
682,2655,铁锋区
683,2656,昂昂溪区
684,2657,富拉尔基区
685,2658,碾子山区
686,2659,梅里斯达斡尔族区
687,2660,鸡西市
688,2661,鸡东县
689,2662,虎林市
690,2663,密山市
691,2664,鸡冠区
692,2665,恒山区
693,2666,滴道区
694,2667,梨树区
695,2668,城子河区
696,2669,麻山区
697,2670,鹤岗市
698,2671,萝北县
699,2672,绥滨县
700,2673,向阳区
701,2674,工农区
702,2675,南山区
703,2676,兴安区
704,2677,东山区
705,2678,兴山区
706,2680,双鸭山市
707,2681,集贤县
708,2682,宝清县
709,2683,饶河县
710,2684,友谊县
711,2685,尖山区
712,2686,岭东区
713,2687,四方台区
714,2688,宝山区
715,2690,大庆市
716,2691,林甸县
717,2692,杜尔伯特蒙古族自治县
718,2693,肇源县
719,2694,肇州县
720,2695,萨尔图区
721,2696,龙凤区
722,2697,让胡路区
723,2698,红岗区
724,2699,大同区
725,2710,伊春市
726,2711,嘉荫县
727,2712,铁力市
728,2713,伊春区
729,2714,南岔区
730,2715,友好区
731,2716,西林区
732,2717,翠峦区
733,2718,新青区
734,2719,美溪区
735,2811,金山屯区
736,2812,五营区
737,2813,乌马河区
738,2814,汤旺河区
739,2815,带岭区
740,2816,乌伊岭区
741,2817,红星区
742,2818,上甘岭区
743,2720,佳木斯市
744,2721,桦南县
745,2723,桦川县
746,2725,汤原县
747,2727,抚远县
748,2729,同江市
749,2731,富锦市
750,2732,向阳区
751,2733,前进区
752,2734,东风区
753,2735,郊区
754,2740,七台河市
755,2741,勃利县
756,2742,新兴区
757,2743,桃山区
758,2744,茄子河区
759,2750,牡丹江市
760,2751,宁安市
761,2752,海林市
762,2753,穆棱市
763,2754,东宁县
764,2755,林口县
765,2757,绥芬河市
766,2758,东安区
767,2759,阳明区
768,2821,爱民区
769,2822,西安区
770,2760,绥化市
771,2761,北林区
772,2762,安达市
773,2763,肇东市
774,2764,海伦市
775,2765,望奎县
776,2766,兰西县
777,2767,青冈县
778,2771,庆安县
779,2772,明水县
780,2773,绥棱县
781,2780,黑河市
782,2781,爱辉区
783,2782,北安市
784,2783,五大连池市
785,2784,嫩江县
786,2786,逊克县
787,2787,孙吴县
788,2790,大兴安岭地区
789,2791,呼玛县
790,2792,塔河县
791,2793,漠河县
792,2900,上海市
793,2901,松江区
794,2902,青浦区
795,2903,奉贤区
796,2904,浦东新区
797,2905,金山区
798,2906,闵行区
799,2907,黄浦区
800,2908,徐汇区
801,2909,长宁区
802,2911,静安区
803,2912,普陀区
804,2913,闸北区
805,2914,虹口区
806,2915,杨浦区
807,2916,宝山区
808,2917,嘉定区
809,2929,崇明县
810,3000,江苏省
811,3010,南京市
812,3011,浦口区
813,3012,玄武区
814,3013,秦淮区
815,3014,建邺区
816,3015,鼓楼区
817,3016,栖霞区
818,3017,雨花台区
819,3018,江宁区
820,3019,六合区
821,3091,溧水区
822,3092,高淳区
823,3020,无锡市
824,3021,滨湖区
825,3022,江阴市
826,3023,宜兴市
827,3024,崇安区
828,3025,南长区
829,3026,北塘区
830,3027,锡山区
831,3028,惠山区
832,3030,徐州市
833,3031,丰　县
834,3032,沛　县
835,3034,睢宁县
836,3035,邳州市
837,3036,新沂市
838,3037,鼓楼区
839,3038,云龙区
840,3039,铜山区
841,3211,贾汪区
842,3212,泉山区
843,3040,常州市
844,3041,武进区
845,3042,金坛市
846,3043,溧阳市
847,3044,新北区
848,3045,天宁区
849,3046,钟楼区
850,3047,戚墅堰区
851,3050,苏州市
852,3051,太仓市
853,3052,昆山市
854,3055,常熟市
855,3056,张家港市
856,3057,吴中区
857,3058,虎丘区
858,3059,相城区
859,3221,姑苏区
860,3222,吴江区
861,3060,南通市
862,3061,海安县
863,3062,如皋市
864,3063,如东县
865,3065,海门市
866,3066,启东市
867,3067,通州区
868,3068,崇川区
869,3069,港闸区
870,3070,连云港市
871,3071,赣榆区
872,3072,东海县
873,3073,灌云县
874,3074,灌南县
875,3075,连云区
876,3076,海州区
877,3080,淮安市
878,3081,淮阴区
879,3082,清河区
880,3083,淮安区
881,3084,清浦区
882,3085,涟水县
883,3087,洪泽县
884,3088,盱眙县
885,3089,金湖县
886,3110,盐城市
887,3111,响水县
888,3112,滨海县
889,3113,阜宁县
890,3114,射阳县
891,3115,建湖县
892,3116,大丰市
893,3117,东台市
894,3118,亭湖区
895,3119,盐都区
896,3120,扬州市
897,3121,高邮市
898,3122,宝应县
899,3123,邗江区
900,3129,仪征市
901,3130,广陵区
902,3131,江都区
903,3140,镇江市
904,3141,丹徒区
905,3142,句容市
906,3143,扬中市
907,3144,丹阳市
908,3145,润州区
909,3146,京口区
910,3160,泰州市
911,3161,兴化市
912,3162,靖江市
913,3163,泰兴市
914,3164,姜堰区
915,3165,海陵区
916,3166,高港区
917,3180,宿迁市
918,3181,沭阳县
919,3182,泗阳县
920,3183,泗洪县
921,3184,宿豫区
922,3185,宿城区
923,3300,浙江省
924,3310,杭州市
925,3311,桐庐县
926,3312,富阳区
927,3313,临安市
928,3315,建德市
929,3316,淳安县
930,3317,余杭区
931,3318,上城区
932,3319,下城区
933,3471,江干区
934,3472,拱墅区
935,3473,西湖区
936,3474,滨江区
937,3475,萧山区
938,3320,宁波市
939,3321,象山县
940,3322,宁海县
941,3323,鄞州区
942,3324,余姚市
943,3325,慈溪市
944,3326,奉化市
945,3327,海曙区
946,3328,江东区
947,3329,江北区
948,3481,北仑区
949,3482,镇海区
950,3330,温州市
951,3332,洞头县
952,3333,乐清市
953,3334,永嘉县
954,3335,平阳县
955,3336,苍南县
956,3337,文成县
957,3338,泰顺县
958,3339,瑞安市
959,3341,鹿城区
960,3342,龙湾区
961,3343,瓯海区
962,3350,嘉兴市
963,3351,嘉善县
964,3352,平湖市
965,3353,海盐县
966,3354,桐乡市
967,3355,海宁市
968,3356,秀洲区
969,3357,南湖区
970,3360,湖州市
971,3361,德清县
972,3362,长兴县
973,3363,安吉县
974,3364,吴兴区
975,3365,南浔区
976,3370,绍兴市
977,3371,柯桥区
978,3372,越城区
979,3373,嵊州市
980,3374,新昌县
981,3375,诸暨市
982,3376,上虞区
983,3380,金华市
984,3381,婺城区
985,3382,永康市
986,3383,武义县
987,3384,浦江县
988,3385,磐安县
989,3386,兰溪市
990,3387,义乌市
991,3388,东阳市
992,3389,金东区
993,3410,衢州市
994,3411,柯城区
995,3412,常山县
996,3413,开化县
997,3414,龙游县
998,3415,江山市
999,3416,衢江区
1000,3420,舟山市
1001,3421,岱山县
1002,3422,嵊泗县
1003,3423,定海区
1004,3424,普陀区
1005,3430,丽水市
1006,3431,莲都区
1007,3432,青田县
1008,3433,云和县
1009,3434,庆元县
1010,3435,缙云县
1011,3436,遂昌县
1012,3437,松阳县
1013,3438,景宁畲族自治县
1014,3439,龙泉市
1015,3450,台州市
1016,3451,椒江区
1017,3452,临海市
1018,3453,路桥区
1019,3454,温岭市
1020,3455,仙居县
1021,3456,天台县
1022,3457,三门县
1023,3458,玉环县
1024,3459,黄岩区
1025,3600,安徽省
1026,3610,合肥市
1027,3611,长丰县
1028,3612,肥东县
1029,3613,肥西县
1030,3614,庐江县
1031,3615,巢湖市（直辖）
1032,3616,瑶海区
1033,3617,庐阳区
1034,3618,蜀山区
1035,3619,包河区
1036,3620,芜湖市
1037,3621,芜湖县
1038,3622,繁昌县
1039,3623,南陵县
1040,3624,无为县
1041,3625,镜湖区
1042,3626,弋江区
1043,3627,鸠江区
1044,3628,三山区
1045,3630,蚌埠市
1046,3631,怀远县
1047,3632,五河县
1048,3633,固镇县
1049,3634,龙子湖区
1050,3635,蚌山区
1051,3636,禹会区
1052,3637,淮上区
1053,3640,淮南市
1054,3641,凤台县
1055,3642,大通区
1056,3643,田家庵区
1057,3644,谢家集区
1058,3645,八公山区
1059,3646,潘集区
1060,3650,马鞍山市
1061,3651,当涂县
1062,3652,含山县
1063,3653,和　县
1064,3654,花山区
1065,3655,雨山区
1066,3656,博望区
1067,3660,淮北市
1068,3661,濉溪县
1069,3662,杜集区
1070,3663,相山区
1071,3664,烈山区
1072,3670,铜陵市
1073,3671,铜陵县
1074,3672,铜官山区
1075,3673,狮子山区
1076,3674,郊区
1077,3680,安庆市
1078,3681,桐城市
1079,3682,怀宁县
1080,3683,枞阳县
1081,3684,潜山县
1082,3685,太湖县
1083,3686,宿松县
1084,3687,望江县
1085,3688,岳西县
1086,3689,迎江区
1087,3691,大观区
1088,3692,宜秀区
1089,3710,黄山市
1090,3711,歙县
1091,3712,休宁县
1092,3713,黟县
1093,3714,祁门县
1094,3715,屯溪区
1095,3716,黄山区
1096,3717,徽州区
1097,3720,阜阳市
1098,3721,颍州区
1099,3722,颍东区
1100,3723,颍泉区
1101,3724,临泉县
1102,3725,太和县
1103,3728,阜南县
1104,3729,颍上县
1105,3731,界首市
1106,3740,宿州市
1107,3741,桥区
1108,3742,砀山县
1109,3743,萧县
1110,3745,灵璧县
1111,3746,泗县
1112,3750,滁州市
1113,3751,南谯区
1114,3752,天长市
1115,3753,来安县
1116,3754,全椒县
1117,3755,定远县
1118,3756,凤阳县
1119,3757,明光市
1120,3758,琅琊区
1121,3760,六安市
1122,3761,金安区
1123,3762,裕安区
1124,3763,寿　县
1125,3764,霍邱县
1126,3765,舒城县
1127,3766,金寨县
1128,3767,霍山县
1129,3770,宣城市
1130,3772,郎溪县
1131,3773,广德县
1132,3774,宁国市
1133,3775,泾　县
1134,3776,旌德县
1135,3777,绩溪县
1136,3778,宣州区
1137,3790,池州市
1138,3791,贵池区
1139,3792,东至县
1140,3793,石台县
1141,3794,青阳县
1142,3810,亳州市
1143,3811,涡阳县
1144,3812,蒙城县
1145,3813,利辛县
1146,3815,谯城区
1147,3900,福建省
1148,3910,福州市
1149,3911,闽侯县
1150,3912,连江县
1151,3913,罗源县
1152,3914,闽清县
1153,3915,永泰县
1154,3916,长乐市
1155,3917,福清市
1156,3918,平潭县
1157,3919,鼓楼区
1158,3921,台江区
1159,3922,仓山区
1160,3923,马尾区
1161,3924,晋安区
1162,3930,厦门市
1163,3931,思明区
1164,3932,海沧区
1165,3933,湖里区
1166,3934,集美区
1167,3935,同安区
1168,3936,翔安区
1169,3940,莆田市
1170,3941,城厢区
1171,3942,仙游县
1172,3943,涵江区
1173,3944,荔城区
1174,3945,秀屿区
1175,3950,三明市
1176,3951,明溪县
1177,3952,清流县
1178,3953,宁化县
1179,3954,大田县
1180,3955,尤溪县
1181,3956,沙　县
1182,3957,将乐县
1183,3958,泰宁县
1184,3959,建宁县
1185,3961,永安市
1186,3962,梅列区
1187,3963,三元区
1188,3970,泉州市
1189,3971,惠安县
1190,3972,晋江市
1191,3973,南安市
1192,3974,安溪县
1193,3975,永春县
1194,3976,德化县
1195,3977,金门县
1196,3978,石狮市
1197,3981,鲤城区
1198,3982,丰泽区
1199,3983,洛江区
1200,3984,泉港区
1201,3990,漳州市
1202,3991,龙海市
1203,3992,云霄县
1204,3993,漳浦县
1205,3994,诏安县
1206,3995,长泰县
1207,3996,东山县
1208,3997,南靖县
1209,3998,平和县
1210,3999,华安县
1211,4061,芗城区
1212,4062,龙文区
1213,4010,南平市
1214,4011,延平区
1215,4012,邵武市
1216,4013,顺昌县
1217,4014,建阳区
1218,4015,建瓯市
1219,4016,浦城县
1220,4017,武夷山市
1221,4018,光泽县
1222,4019,松溪县
1223,4021,政和县
1224,4030,宁德市
1225,4031,蕉城区
1226,4032,福鼎市
1227,4033,霞浦县
1228,4034,福安市
1229,4035,古田县
1230,4036,屏南县
1231,4037,寿宁县
1232,4038,周宁县
1233,4039,柘荣县
1234,4050,龙岩市
1235,4051,新罗区
1236,4052,长汀县
1237,4053,永定区
1238,4054,上杭县
1239,4055,武平县
1240,4056,漳平市
1241,4057,连城县
1242,4200,江西省
1243,4210,南昌市
1244,4211,南昌县
1245,4212,新建县
1246,4213,安义县
1247,4214,进贤县
1248,4215,青山湖区
1249,4216,东湖区
1250,4217,西湖区
1251,4218,青云谱区
1252,4219,湾里区
1253,4220,景德镇市
1254,4221,乐平市
1255,4222,浮梁县
1256,4223,昌江区
1257,4224,珠山区
1258,4230,萍乡市
1259,4231,莲花县
1260,4232,上栗县
1261,4233,芦溪县
1262,4234,安源区
1263,4235,湘东区
1264,4240,九江市
1265,4241,九江县
1266,4242,瑞昌市
1267,4243,武宁县
1268,4244,修水县
1269,4245,永修县
1270,4246,德安县
1271,4247,星子县
1272,4248,都昌县
1273,4249,湖口县
1274,4251,彭泽县
1275,4252,共青城市
1276,4253,庐山区
1277,4254,浔阳区
1278,4260,新余市
1279,4261,分宜县 
1280,4262,渝水区
1281,4270,鹰潭市
1282,4271,贵溪市
1283,4272,余江县
1284,4273,月湖区
1285,4280,赣州市
1286,4281,章贡区
1287,4282,赣县
1288,4283,南康区
1289,4284,信丰县
1290,4285,大余县
1291,4286,上犹县
1292,4287,崇义县
1293,4288,安远县
1294,4289,龙南县
1295,4291,定南县
1296,4292,全南县
1297,4293,宁都县
1298,4294,于都县
1299,4295,兴国县
1300,4296,瑞金市
1301,4297,会昌县
1302,4298,寻乌县
1303,4299,石城县
1304,4310,宜春市
1305,4311,袁州区
1306,4312,丰城市
1307,4313,樟树市
1308,4314,高安市
1309,4315,奉新县
1310,4316,万载县
1311,4317,上高县
1312,4318,宜丰县
1313,4319,靖安县
1314,4321,铜鼓县
1315,4330,上饶市
1316,4331,信州区
1317,4332,上饶县
1318,4333,广丰县
1319,4334,玉山县
1320,4335,铅山县
1321,4336,横峰县
1322,4337,弋阳县
1323,4338,余干县
1324,4339,鄱阳县
1325,4341,万年县
1326,4342,德兴市
1327,4343,婺源县
1328,4350,吉安市
1329,4351,青原区
1330,4352,井冈山市
1331,4353,吉安县
1332,4354,吉水县
1333,4355,峡江县
1334,4356,新干县
1335,4357,永丰县
1336,4358,泰和县
1337,4359,遂川县
1338,4361,万安县
1339,4362,安福县
1340,4363,永新县
1341,4364,吉州区
1342,4370,抚州市
1343,4372,南城县
1344,4373,黎川县
1345,4374,南丰县
1346,4375,崇仁县
1347,4376,乐安县
1348,4377,宜黄县
1349,4378,金溪县
1350,4379,资溪县
1351,4381,东乡县
1352,4382,广昌县
1353,4383,临川区
1354,4500,山东省
1355,4510,济南市
1356,4511,章丘市
1357,4512,历城区
1358,4513,平阴县
1359,4514,济阳县
1360,4515,商河县
1361,4516,历下区
1362,4517,市中区
1363,4518,槐荫区
1364,4519,天桥区
1365,4641,长清区
1366,4520,青岛市
1367,4521,即墨市
1368,4522,市北区
1369,4523,莱西市
1370,4524,平度市
1371,4525,胶州市
1372,4526,崂山区
1373,4527,西海岸新区（含黄岛区全部区域）
1374,4528,市南区
1375,4529,李沧区
1376,4671,城阳区
1377,4530,淄博市
1378,4531,桓台县
1379,4532,高青县
1380,4533,沂源县
1381,4534,淄川区
1382,4535,张店区
1383,4536,博山区
1384,4537,临淄区
1385,4538,周村区
1386,4540,枣庄市
1387,4541,滕州市
1388,4542,市中区
1389,4543,薛城区
1390,4544,峄城区
1391,4545,台儿庄区
1392,4546,山亭区
1393,4550,东营市
1394,4551,垦利县
1395,4552,利津县
1396,4553,广饶县
1397,4554,河口区
1398,4555,东营区
1399,4560,烟台市
1400,4561,蓬莱市
1401,4562,招远市
1402,4563,栖霞市
1403,4564,海阳市
1404,4566,长岛县
1405,4567,龙口市
1406,4568,莱阳市
1407,4569,莱州市
1408,4571,牟平区
1409,4572,芝罘区
1410,4573,福山区
1411,4574,莱山区
1412,4580,潍坊市
1413,4581,安丘市
1414,4582,寿光市
1415,4583,临朐县
1416,4584,昌乐县
1417,4585,昌邑市
1418,4586,高密市
1419,4588,青州市
1420,4589,诸城市
1421,4590,奎文区
1422,4591,潍城区
1423,4592,寒亭区
1424,4593,坊子区
1425,4610,济宁市
1426,4611,任城区
1427,4612,邹城市
1428,4613,微山县
1429,4614,鱼台县
1430,4615,金乡县
1431,4616,嘉祥县
1432,4617,汶上县
1433,4618,泗水县
1434,4619,曲阜市
1435,4621,梁山县
1436,4622,兖州区
1437,4630,泰安市
1438,4631,宁阳县
1439,4632,肥城市
1440,4633,东平县
1441,4635,新泰市
1442,4636,泰山区
1443,4637,岱岳区
1444,4650,威海市
1445,4651,乳山市
1446,4652,文登区
1447,4653,荣成市
1448,4654,环翠区
1449,4660,滨州市
1450,4662,惠民县
1451,4663,阳信县
1452,4664,无棣县
1453,4665,沾化区
1454,4666,博兴县
1455,4667,邹平县
1456,4668,滨城区
1457,4680,德州市
1458,4681,德城区
1459,4682,乐陵市
1460,4683,陵城区
1461,4684,平原县
1462,4685,夏津县
1463,4686,武城县
1464,4687,齐河县
1465,4688,禹城市
1466,4689,临邑县
1467,4693,宁津县
1468,4694,庆云县
1469,4710,聊城市
1470,4711,东昌府区
1471,4712,临清市
1472,4713,阳谷县
1473,4714,莘县
1474,4715,茌平县
1475,4716,东阿县
1476,4717,冠县
1477,4718,高唐县
1478,4730,临沂市
1479,4731,兰山区
1480,4732,罗庄区
1481,4733,郯城县
1482,4734,兰陵县
1483,4735,莒南县
1484,4736,河东区
1485,4737,沂水县
1486,4739,蒙阴县
1487,4741,平邑县
1488,4742,费县
1489,4743,沂南县
1490,4744,临沭县
1491,4750,菏泽市
1492,4751,牡丹区
1493,4752,曹县
1494,4753,定陶县
1495,4754,成武县
1496,4755,单县
1497,4756,巨野县
1498,4758,郓城县
1499,4759,鄄城县
1500,4761,东明县
1501,4770,日照市
1502,4771,五莲县
1503,4772,莒县
1504,4773,东港区
1505,4774,岚山区
1506,4790,莱芜市
1507,4791,钢城区
1508,4792,莱城区
1509,4900,河南省
1510,4910,郑州市
1511,4911,荥阳市
1512,4912,中牟县
1513,4913,新郑市
1514,4914,巩义市
1515,4915,登封市
1516,4916,新密市
1517,4917,中原区
1518,4918,二七区
1519,4919,管城回族区
1520,5071,金水区
1521,5072,上街区
1522,5073,惠济区
1523,4920,开封市
1524,4921,杞县
1525,4922,通许县
1526,4923,尉氏县
1527,4924,祥符区
1528,4925,兰考县
1529,4926,龙亭区
1530,4927,顺河回族区
1531,4928,鼓楼区
1532,4929,禹王台区
1533,4930,洛阳市
1534,4931,偃师市
1535,4932,孟津县
1536,4933,新安县
1537,4934,栾川县
1538,4935,嵩县
1539,4936,汝阳县
1540,4937,宜阳县
1541,4938,洛宁县
1542,4939,伊川县
1543,4941,老城区
1544,4942,西工区
1545,4943,e河回族区
1546,4944,涧西区
1547,4945,吉利区
1548,4946,洛龙区
1549,4950,平顶山市
1550,4951,宝丰县
1551,4952,叶县
1552,4953,鲁山县
1553,4954,郏县
1554,4956,汝州市
1555,4957,舞钢市
1556,4958,新华区
1557,4959,卫东区
1558,5171,石龙区
1559,5172,湛河区
1560,4960,安阳市
1561,4961,林州市
1562,4962,安阳县
1563,4963,汤阴县
1564,4964,滑县
1565,4965,内黄县
1566,4966,文峰区
1567,4967,北关区
1568,4968,殷都区
1569,4969,龙安区
1570,4970,鹤壁市
1571,4971,浚县
1572,4972,淇县
1573,4973,鹤山区
1574,4974,山城区
1575,4975,淇滨区
1576,4980,新乡市
1577,4981,新乡县
1578,4982,获嘉县
1579,4983,原阳县
1580,4984,延津县
1581,4985,封丘县
1582,4986,长垣县
1583,4987,卫辉市
1584,4988,辉县市
1585,4989,红旗区
1586,4991,卫滨区
1587,4992,凤泉区
1588,4993,牧野区
1589,5010,焦作市
1590,5011,修武县
1591,5012,博爱县
1592,5013,武陟县
1593,5014,沁阳市
1594,5015,温县
1595,5016,孟州市
1596,5017,济源市（省直辖）
1597,5018,解放区
1598,5019,中站区
1599,5181,马村区
1600,5182,山阳区
1601,5020,濮阳市
1602,5021,清丰县
1603,5022,南乐县
1604,5023,范县
1605,5024,台前县
1606,5025,濮阳县
1607,5026,华龙区
1608,5030,许昌市
1609,5031,长葛市
1610,5032,许昌县
1611,5033,鄢陵县
1612,5034,禹州市
1613,5035,襄城县
1614,5036,魏都区
1615,5040,漯河市
1616,5041,舞阳县
1617,5042,临颍县
1618,5043,源汇区
1619,5044,郾城区
1620,5045,召陵区
1621,5050,三门峡市
1622,5051,渑池县
1623,5052,陕县
1624,5053,灵宝市
1625,5054,卢氏县
1626,5055,义马市
1627,5056,湖滨区
1628,5060,商丘市
1629,5061,梁园区
1630,5062,虞城县
1631,5063,睢阳区
1632,5064,民权县
1633,5065,宁陵县
1634,5066,睢县
1635,5067,夏邑县
1636,5068,柘城县
1637,5069,永城市
1638,5080,周口市
1639,5081,川汇区
1640,5082,扶沟县
1641,5083,西华县
1642,5084,商水县
1643,5085,太康县
1644,5086,鹿邑县
1645,5087,郸城县
1646,5088,淮阳县
1647,5089,沈丘县
1648,5091,项城市
1649,5110,驻马店市
1650,5111,驿城区
1651,5112,确山县
1652,5113,泌阳县
1653,5114,遂平县
1654,5115,西平县
1655,5116,上蔡县
1656,5117,汝南县
1657,5118,平舆县
1658,5119,新蔡县
1659,5121,正阳县
1660,5130,南阳市
1661,5131,宛城区
1662,5132,邓州市
1663,5133,南召县
1664,5134,方城县
1665,5135,西峡县
1666,5136,卧龙区
1667,5137,镇平县
1668,5138,内乡县
1669,5139,淅川县
1670,5141,社旗县
1671,5142,唐河县
1672,5143,新野县
1673,5144,桐柏县
1674,5150,信阳市
1675,5151,负忧
1676,5152,息县
1677,5153,淮滨县
1678,5155,潢川县
1679,5156,光山县
1680,5157,固始县
1681,5158,商城县
1682,5159,罗山县
1683,5161,新县
1684,5162,平桥区
1685,5200,湖北省
1686,5210,武汉市
1687,5211,江岸区
1688,5212,江汉区
1689,5213,~口区
1690,5214,汉阳区
1691,5215,武昌区
1692,5216,青山区
1693,5217,洪山区
1694,5218,东西湖区
1695,5219,汉南区
1696,5391,蔡甸区
1697,5392,江夏区
1698,5393,黄陂区
1699,5394,新洲区
1700,5220,黄石市
1701,5221,大冶市
1702,5222,阳新县
1703,5223,黄石港区
1704,5224,西塞山区
1705,5225,下陆区
1706,5226,铁山区
1707,5230,十堰市
1708,5231,郧阳区
1709,5232,郧西县
1710,5233,竹山县
1711,5234,竹溪县
1712,5235,房县
1713,5236,丹江口市
1714,5237,茅箭区
1715,5238,张湾区
1716,5250,宜昌市
1717,5251,宜都市
1718,5262,当阳市
1719,5264,枝江市
1720,5265,远安县
1721,5266,兴山县
1722,5267,秭归县
1723,5268,长阳土家族自治县
1724,5269,五峰土家族自治县
1725,5421,西陵区
1726,5422,伍家岗区
1727,5423,点军区
1728,5424,V亭区
1729,5425,夷陵区
1730,5270,随州市
1731,5271,广水市
1732,5272,随县
1733,5273,曾都区
1734,5280,襄阳市
1735,5281,襄城区
1736,5282,宜城市
1737,5283,南漳县
1738,5284,谷城县
1739,5285,保康县
1740,5286,襄州区
1741,5287,老河口市
1742,5288,枣阳市
1743,5289,樊城区
1744,5310,鄂州市
1745,5311,神农架林区（省直辖）
1746,5312,梁子湖区
1747,5313,华容区
1748,5314,鄂城区
1749,5320,荆门市
1750,5321,京山县
1751,5322,沙洋县
1752,5323,钟祥市
1753,5324,东宝区
1754,5325,掇刀区
1755,5330,黄冈市
1756,5331,麻城市
1757,5332,武穴市
1758,5333,团风县
1759,5334,红安县
1760,5335,罗田县
1761,5336,英山县
1762,5337,浠水县
1763,5338,蕲春县
1764,5339,黄梅县
1765,5341,黄州区
1766,5350,孝感市
1767,5351,孝昌县
1768,5352,应城市
1769,5353,安陆市
1770,5354,孝南区
1771,5355,大悟县
1772,5356,云梦县
1773,5357,汉川市
1774,5360,咸宁市
1775,5361,咸安区
1776,5363,嘉鱼县
1777,5364,通城县
1778,5365,崇阳县
1779,5366,通山县
1780,5367,赤壁市
1781,5370,荆州市
1782,5371,仙桃市（省直辖）
1783,5372,石首市
1784,5373,洪湖市
1785,5374,天门市（省直辖）
1786,5375,潜江市（省直辖）
1787,5376,江陵县
1788,5377,松滋市
1789,5378,公安县
1790,5379,监利县
1791,5381,沙市区
1792,5382,荆州区
1793,5410,恩施土家族苗族自治州
1794,5411,恩施市
1795,5412,利川市
1796,5413,建始县
1797,5414,巴东县
1798,5415,宣恩县
1799,5416,咸丰县
1800,5417,来凤县
1801,5418,鹤峰县
1802,5500,湖南省
1803,5510,长沙市
1804,5511,长沙县
1805,5512,岳麓区
1806,5513,浏阳市
1807,5514,宁乡县
1808,5515,芙蓉区
1809,5516,天心区
1810,5517,开福区
1811,5518,雨花区
1812,5519,望城区
1813,5520,株洲市
1814,5521,株洲县
1815,5522,攸　县
1816,5523,茶陵县
1817,5524,炎陵县
1818,5525,醴陵市
1819,5526,荷塘区
1820,5527,芦淞区
1821,5528,石峰区
1822,5529,天元区
1823,5530,湘潭市
1824,5531,湘潭县
1825,5532,湘乡市
1826,5533,韶山市
1827,5534,雨湖区
1828,5535,岳塘区
1829,5540,衡阳市
1830,5541,衡阳县
1831,5542,衡南县
1832,5543,衡山县
1833,5544,衡东县
1834,5545,常宁市
1835,5546,祁东县
1836,5547,耒阳市
1837,5548,珠晖区
1838,5549,雁峰区
1839,5711,石鼓区
1840,5712,蒸湘区
1841,5713,南岳区
1842,5550,邵阳市
1843,5551,邵东县
1844,5552,新邵县
1845,5553,邵阳县
1846,5554,隆回县
1847,5555,洞口县
1848,5556,武冈市
1849,5557,绥宁县
1850,5558,新宁县
1851,5559,城步苗族自治县
1852,5561,双清区
1853,5562,大祥区
1854,5563,北塔区
1855,5570,岳阳市
1856,5571,岳阳县
1857,5572,临湘市
1858,5573,华容县
1859,5574,湘阴县
1860,5575,平江县
1861,5576,汨罗市
1862,5577,岳阳楼区
1863,5578,云溪区
1864,5579,君山区
1865,5580,常德市
1866,5581,安乡县
1867,5582,汉寿县
1868,5583,澧　县
1869,5584,临澧县
1870,5585,桃源县
1871,5586,石门县
1872,5587,津市市
1873,5588,武陵区
1874,5589,鼎城区
1875,5590,张家界市
1876,5591,慈利县
1877,5592,桑植县
1878,5593,永定区
1879,5594,武陵源区
1880,5610,益阳市
1881,5612,沅江市
1882,5614,南县
1883,5615,桃江县
1884,5616,安化县
1885,5617,资阳区
1886,5618,赫山区
1887,5620,娄底市
1888,5621,娄星区
1889,5622,冷水江市
1890,5623,涟源市
1891,5624,双峰县
1892,5625,新化县
1893,5630,郴州市
1894,5631,北湖区
1895,5632,资兴市
1896,5633,苏仙区
1897,5634,桂阳县
1898,5635,永兴县
1899,5636,宜章县
1900,5637,嘉禾县
1901,5638,临武县
1902,5639,汝城县
1903,5641,桂东县
1904,5642,安仁县
1905,5650,永州市
1906,5653,东安县
1907,5654,道县
1908,5655,宁远县
1909,5656,江永县
1910,5657,江华瑶族自治县
1911,5658,蓝山县
1912,5659,新田县
1913,5661,双牌县
1914,5662,祁阳县
1915,5663,零陵区
1916,5664,冷水滩区
1917,5670,怀化市
1918,5671,鹤城区
1919,5672,洪江市
1920,5674,沅陵县
1921,5675,辰溪县
1922,5676,溆浦县
1923,5677,麻阳苗族自治县
1924,5678,新晃侗族自治县
1925,5679,芷江侗族自治县
1926,5681,会同县
1927,5682,靖州苗族侗族自治县
1928,5683,通道侗族自治县
1929,5684,中方县
1930,5690,湘西土家族苗族自治州
1931,5691,吉首市
1932,5692,泸溪县
1933,5693,凤凰县
1934,5694,花垣县
1935,5695,保靖县
1936,5696,古丈县
1937,5697,永顺县
1938,5698,龙山县
1939,5800,广东省
1940,5810,广州市
1941,5811,番禺区
1942,5812,从化区
1943,5813,增城区
1944,5814,荔湾区
1945,5815,越秀区
1946,5816,海珠区
1947,5817,天河区
1948,5818,白云区
1949,5819,黄埔区
1950,6071,花都区
1951,6072,南沙区
1952,5820,韶关市
1953,5821,武江区
1954,5822,始兴县
1955,5823,南雄市
1956,5824,仁化县
1957,5825,乐昌市
1958,5826,翁源县
1959,5827,乳源瑶族自治县
1960,5828,新丰县
1961,5829,浈江区
1962,5831,曲江区
1963,5840,深圳市
1964,5841,罗湖区
1965,5842,福田区
1966,5843,南山区
1967,5844,龙岗区
1968,5845,宝安区
1969,5846,盐田区
1970,5850,珠海市
1971,5851,斗门区
1972,5852,香洲区（横琴新区）
1973,5853,金湾区
1974,5860,汕头市
1975,5863,南澳县
1976,5864,龙湖区
1977,5865,金平区
1978,5866,澄海区
1979,5867,濠江区
1980,5868,潮阳区
1981,5869,潮南区
1982,5880,佛山市
1983,5881,三水区
1984,5882,南海区
1985,5883,顺德区
1986,5884,禅城区
1987,5885,高明区
1988,5890,江门市
1989,5891,蓬江区
1990,5892,台山市
1991,5893,恩平市
1992,5894,开平市
1993,5895,鹤山市
1994,5896,江海区
1995,5897,新会区
1996,5910,湛江市
1997,5911,吴川市
1998,5912,廉江市
1999,5913,遂溪县
2000,5914,雷州市
2001,5915,徐闻县
2002,5916,赤坎区
2003,5917,霞山区
2004,5918,坡头区
2005,5919,麻章区
2006,5920,茂名市
2007,5921,信宜市
2008,5922,高州市
2009,5923,电白区
2010,5924,化州市
2011,5925,茂南区
2012,5930,肇庆市
2013,5931,高要市
2014,5932,四会市
2015,5933,广宁县
2016,5934,怀集县
2017,5935,封开县
2018,5936,德庆县
2019,5937,端州区
2020,5938,鼎湖区
2021,5950,惠州市
2022,5952,博罗县
2023,5953,惠东县
2024,5954,龙门县
2025,5955,惠城区
2026,5956,惠阳区
2027,5960,梅州市
2028,5961,梅江区
2029,5962,大埔县
2030,5963,丰顺县
2031,5964,五华县
2032,5965,兴宁市
2033,5966,平远县
2034,5967,蕉岭县
2035,5968,梅县区
2036,5970,汕尾市
2037,5971,海丰县
2038,5972,陆丰市
2039,5973,陆河县
2040,5974,城区
2041,5980,河源市
2042,5981,紫金县
2043,5982,龙川县
2044,5983,连平县
2045,5984,和平县
2046,5985,东源县
2047,5986,源城区
2048,5990,阳江市
2049,5991,阳西县
2050,5992,阳春市
2051,5993,阳东区
2052,5994,江城区
2053,6010,清远市
2054,6011,佛冈县
2055,6012,英德市
2056,6013,阳山县
2057,6014,连州市
2058,6015,连山壮族瑶族自治县
2059,6016,连南瑶族自治县
2060,6017,清新区
2061,6018,清城区
2062,6020,东莞市
2063,6030,中山市
2064,,石歧区
2065,,东区
2066,,西区
2067,,南区
2068,,五桂山区
2069,,火炬开发区
2070,6040,潮州市
2071,6041,潮安区
2072,6042,饶平县
2073,6043,湘桥区
2074,6050,揭阳市
2075,6052,揭西县
2076,6053,惠来县
2077,6054,普宁市
2078,6055,榕城区
2079,6056,揭东区
2080,6060,云浮市
2081,6061,新兴县
2082,6062,郁南县
2083,6063,云安区
2084,6064,罗定市
2085,6065,云城区
2086,6100,广西壮族自治区
2087,6110,南宁市
2088,6111,兴宁区
2089,6112,武鸣县
2090,6113,江南区
2091,6114,西乡塘区
2092,6115,良庆区
2093,6116,邕宁区
2094,6117,青秀区
2095,6122,横县
2096,6123,宾阳县
2097,6124,上林县
2098,6125,隆安县
2099,6126,马山县
2100,6140,柳州市
2101,6141,柳江县
2102,6142,柳城县
2103,6143,城中区
2104,6144,鱼峰区
2105,6145,柳南区
2106,6146,柳北区
2107,6152,鹿寨县
2108,6156,融安县
2109,6157,三江侗族自治县
2110,6158,融水苗族自治县
2111,6170,桂林市
2112,6171,阳朔县
2113,6172,秀峰区
2114,6173,叠彩区
2115,6174,象山区
2116,6175,七星区
2117,6176,雁山区
2118,6177,临桂区
2119,6181,灵川县
2120,6182,全州县
2121,6183,兴安县
2122,6184,永福县
2123,6185,灌阳县
2124,6186,龙胜各族自治县
2125,6187,资源县
2126,6188,平乐县
2127,6189,荔蒲县
2128,6191,恭城瑶族自治县
2129,6210,梧州市
2130,6211,苍梧县
2131,6212,万秀区
2132,6213,长洲区
2133,6214,龙圩区
2134,6221,岑溪市
2135,6222,藤县
2136,6224,蒙山县
2137,6230,北海市
2138,6231,合浦县
2139,6232,海城区
2140,6233,银海区
2141,6234,铁山港区
2142,6240,玉林市
2143,6241,玉州区
2144,6242,福绵区
2145,6245,容　县
2146,6246,北流市
2147,6247,陆川县
2148,6248,博白县
2149,6249,兴业县
2150,6260,百色市
2151,6261,右江区
2152,6262,田阳县
2153,6263,田东县
2154,6264,平果县
2155,6265,德保县
2156,6266,靖西县
2157,6267,那坡县
2158,6268,凌云县
2159,6269,乐业县
2160,6271,田林县
2161,6272,隆林各族自治县
2162,6273,西林县
2163,6280,河池市
2164,6281,金城江区
2165,6282,宜州市
2166,6283,罗城仫佬族自治县
2167,6284,环江毛南族自治县
2168,6285,南丹县
2169,6286,天峨县
2170,6287,凤山县
2171,6288,东兰县
2172,6289,巴马瑶族自治县
2173,6291,都安瑶族自治县
2174,6292,大化瑶族自治县
2175,6310,钦州市
2176,6311,钦南区
2177,6312,钦北区
2178,6314,灵山县
2179,6315,浦北县
2180,6320,防城港市
2181,6321,上思县
2182,6322,东兴市
2183,6323,港口区
2184,6324,防城区
2185,6330,贵港市
2186,6331,平南县
2187,6332,桂平市
2188,6333,港北区
2189,6334,港南区
2190,6335,覃塘区
2191,6340,贺州市
2192,6341,昭平县
2193,6342,钟山县
2194,6343,富川瑶族自治县
2195,6344,八步区
2196,6350,来宾市
2197,6351,忻城县
2198,6352,象州县
2199,6353,武宣县
2200,6354,金秀瑶族自治县
2201,6355,合山市
2202,6356,兴宾区
2203,6360,崇左市
2204,6361,扶绥县
2205,6362,宁明县
2206,6363,龙州县
2207,6364,大新县
2208,6365,天等县
2209,6366,凭祥市
2210,6367,江州区
2211,6400,海南省
2212,6410,海口市
2213,6411,秀英区
2214,6412,龙华区
2215,6413,琼山区
2216,6414,美兰区
2217,6420,三亚市
2218,6421,五指山市（省直辖）
2219,6422,吉阳区 
2220,6423,文昌市（省直辖）
2221,6424,琼海市（省直辖）
2222,6425,万宁市（省直辖）
2223,6426,定安县（省直辖）
2224,6427,屯昌县（省直辖）
2225,6428,澄迈县（省直辖）
2226,6429,临高县（省直辖）
2227,6431,儋州市（省直辖）
2228,6432,白沙黎族自治县（省直辖）
2229,6433,昌江黎族自治县（省直辖）
2230,6434,东方市（省直辖）
2231,6435,乐东黎族自治县（省直辖）
2232,6436,陵水黎族自治县（省直辖）
2233,6437,保亭黎族苗族自治县（省直辖）
2234,6438,琼中黎族苗族自治县（省直辖）
2235,6439,海棠区 
2236,6451,天涯区 
2237,6452,崖州区
2238,6440,三沙市
2239,,西沙群岛
2240,,中沙群岛
2241,,南沙群岛
2242,6500,四川省
2243,6510,成都市
2244,6511,金堂县
2245,6512,双流县
2246,6513,青羊区
2247,6514,郫　县
2248,6515,金牛区
2249,6516,彭州市
2250,6517,崇州市
2251,6518,大邑县
2252,6519,邛崃市
2253,6521,蒲江县
2254,6522,新津县
2255,6523,都江堰市
2256,6524,锦江区
2257,6525,武侯区
2258,6526,成华区
2259,6527,龙泉驿区
2260,6528,青白江区
2261,6529,新都区
2262,6531,温江区
2263,6550,自贡市
2264,6551,荣　县
2265,6552,富顺县
2266,6553,自流井区
2267,6554,贡井区
2268,6555,大安区
2269,6556,沿滩区
2270,6560,攀枝花市
2271,6561,米易县
2272,6562,盐边县
2273,6563,东区
2274,6564,西区
2275,6565,仁和区
2276,6570,泸州市
2277,6571,泸县
2278,6572,合江县
2279,6574,叙永县
2280,6575,古蔺县
2281,6576,江阳区
2282,6577,纳溪区
2283,6578,龙马潭区
2284,6580,德阳市
2285,6581,绵竹市
2286,6582,中江县
2287,6583,什邡市
2288,6584,广汉市
2289,6585,罗江县
2290,6586,旌阳区
2291,6590,绵阳市
2292,6591,三台县
2293,6592,盐亭县
2294,6593,安　县
2295,6594,梓潼县
2296,6595,北川羌族自治县
2297,6596,平武县
2298,6597,江油市
2299,6598,涪城区
2300,6599,游仙区
2301,6610,广元市
2302,6611,旺苍县
2303,6612,青川县
2304,6613,剑阁县
2305,6614,苍溪县
2306,6615,利州区
2307,6616,昭化区
2308,6617,朝天区
2309,6620,遂宁市
2310,6621,蓬溪县
2311,6622,射洪县
2312,6623,大英县
2313,6624,安居区
2314,6625,船山区
2315,6630,内江市
2316,6631,市中区
2317,6632,东兴区
2318,6634,威远县
2319,6635,资中县
2320,6638,隆昌县
2321,6650,乐山市
2322,6651,市中区
2323,6652,沙湾区
2324,6653,犍为县
2325,6654,井研县
2326,6655,夹江县
2327,6656,五通桥区
2328,6657,金口河区
2329,6658,沐川县
2330,6662,峨边彝族自治县
2331,6663,马边彝族自治县
2332,6664,峨眉山市
2333,6710,宜宾市
2334,6711,翠屏区
2335,6712,宜宾县
2336,6713,南溪区
2337,6714,江安县
2338,6715,长宁县
2339,6716,高县
2340,6717,筠连县
2341,6718,珙县
2342,6719,兴文县
2343,6721,屏山县
2344,6730,南充市
2345,6731,顺庆区
2346,6732,高坪区
2347,6734,南部县
2348,6736,营山县
2349,6738,蓬安县
2350,6739,仪陇县
2351,6742,西充县
2352,6743,阆中市
2353,6744,嘉陵区
2354,6750,达州市
2355,6751,通川区
2356,6752,达川区
2357,6753,宣汉县
2358,6754,开江县
2359,6755,万源市
2360,6761,大竹县
2361,6762,渠　县
2362,6770,雅安市
2363,6771,雨城区
2364,6772,名山区
2365,6773,荥经县
2366,6774,汉源县
2367,6775,石棉县
2368,6776,天全县
2369,6777,芦山县
2370,6778,宝兴县
2371,6790,阿坝藏族羌族自治州
2372,6791,汶川县
2373,6792,理县
2374,6793,茂县
2375,6794,松潘县
2376,6795,九寨沟县
2377,6796,金川县
2378,6797,小金县
2379,6798,黑水县
2380,6799,马尔康县
2381,6801,壤塘县
2382,6802,阿坝县
2383,6803,若尔盖县
2384,6804,红原县
2385,6810,甘孜藏族自治州
2386,6811,康定县
2387,6812,泸定县
2388,6813,丹巴县
2389,6814,九龙县
2390,6815,雅江县
2391,6816,道孚县
2392,6817,炉霍县
2393,6818,甘孜县
2394,6819,新龙县
2395,6821,德格县
2396,6822,白玉县
2397,6823,石渠县
2398,6824,色达县
2399,6825,理塘县
2400,6826,巴塘县
2401,6827,乡城县
2402,6828,稻城县
2403,6829,得荣县
2404,6840,凉山彝族自治州
2405,6841,西昌市
2406,6842,木里藏族自治县
2407,6843,盐源县
2408,6844,德昌县
2409,6845,会理县
2410,6846,会东县
2411,6847,宁南县
2412,6848,普格县
2413,6849,布拖县
2414,6851,金阳县
2415,6852,昭觉县
2416,6853,喜德县
2417,6854,冕宁县
2418,6855,越西县
2419,6856,甘洛县
2420,6857,美姑县
2421,6858,雷波县
2422,6670,眉山市
2423,6671,仁寿县
2424,6672,彭山区
2425,6673,洪雅县
2426,6674,丹棱县
2427,6675,青神县
2428,6676,东坡区
2429,6690,广安市
2430,6691,岳池县
2431,6692,武胜县
2432,6693,邻水县
2433,6694,华蓥市
2434,6695,广安区
2435,6696,前锋区
2436,6870,巴中市
2437,6871,通江县
2438,6872,南江县
2439,6873,平昌县
2440,6874,巴州区
2441,6875,恩阳区
2442,6880,资阳市
2443,6881,安岳县
2444,6882,乐至县
2445,6883,简阳市
2446,6884,雁江区
2447,6900,重庆市
2448,6901,大足区
2449,6902,合川区
2450,6903,万州区
2451,6904,涪陵区
2452,6905,渝中区
2453,6906,九龙坡区
2454,6907,南岸区
2455,6908,北碚区
2456,6909,綦江区
2457,6911,渝北区
2458,6912,巴南区
2459,6913,黔江区
2460,6914,潼南县
2461,6915,铜梁区
2462,6916,长寿区
2463,6917,江津区
2464,6918,荣昌县
2465,6919,璧山区
2466,6921,梁平县
2467,6922,城口县
2468,6923,丰都县
2469,6924,垫江县
2470,6925,武隆县
2471,6926,忠县
2472,6927,开县
2473,6928,云阳县
2474,6929,奉节县
2475,6931,巫山县
2476,6932,巫溪县
2477,6933,石柱土家族自治县
2478,6934,秀山土家族苗族自治县
2479,6935,酉阳土家族苗族自治县
2480,6936,彭水苗族土家族自治县
2481,6937,沙坪坝区
2482,6938,江北区
2483,6939,大渡口区
2484,6941,永川区
2485,6942,南川区
2486,7000,贵州省
2487,7004,贵安新区
2488,,花溪区
2489,,清镇市
2490,,平坝区
2491,,西秀区
2492,7010,贵阳市
2493,7011,开阳县
2494,7012,息烽县
2495,7013,修文县
2496,7014,清镇市
2497,7015,观山湖区
2498,7016,云岩区
2499,7017,南明区
2500,7018,花溪区
2501,7019,乌当区
2502,7081,白云区
2503,7020,六盘水市
2504,7021,水城县
2505,7022,盘县
2506,7023,钟山区
2507,7024,六枝特区
2508,7030,遵义市
2509,7032,遵义县
2510,7033,桐梓县
2511,7034,绥阳县
2512,7035,正安县
2513,7036,道真仡佬族苗族自治县
2514,7037,务川仡佬族苗族自治县
2515,7038,凤冈县
2516,7039,湄潭县
2517,7041,余庆县
2518,7042,仁怀市
2519,7043,赤水市
2520,7044,习水县
2521,7045,红花岗区
2522,7046,汇川区
2523,7050,铜仁市
2524,7051,碧江区
2525,7052,江口县
2526,7053,玉屏侗族自治县
2527,7054,石阡县
2528,7055,思南县
2529,7056,印江土家族苗族自治县
2530,7057,德江县
2531,7058,沿河土家族自治县
2532,7059,松桃苗族自治县
2533,7061,万山区
2534,7070,黔西南布依族苗族自治州
2535,7071,兴义市
2536,7072,兴仁县
2537,7073,普安县
2538,7074,晴隆县
2539,7075,贞丰县
2540,7076,望谟县
2541,7077,册亨县
2542,7078,安龙县
2543,7090,毕节市
2544,7091,七星关区
2545,7092,大方县
2546,7093,黔西县
2547,7094,金沙县
2548,7095,织金县
2549,7096,纳雍县
2550,7097,威宁彝族回族苗族自治县
2551,7098,赫章县
2552,7110,安顺市
2553,7117,平坝区
2554,7118,普定县
2555,7119,关岭布依族苗族自治县
2556,7121,镇宁布依族苗族自治县
2557,7122,紫云苗族布依族自治县
2558,7123,西秀区
2559,7130,黔东南苗族侗族自治州
2560,7131,凯里市
2561,7132,黄平县
2562,7133,施秉县
2563,7134,三穗县
2564,7135,镇远县
2565,7136,岑巩县
2566,7137,天柱县
2567,7138,锦屏县
2568,7139,剑河县
2569,7141,台江县
2570,7142,黎平县
2571,7143,榕江县
2572,7144,从江县
2573,7145,雷山县
2574,7146,麻江县
2575,7147,丹寨县
2576,7150,黔南布依族苗族自治州
2577,7151,都匀市
2578,7152,荔波县
2579,7153,贵定县
2580,7154,福泉市
2581,7155,瓮安县
2582,7156,独山县
2583,7157,平塘县
2584,7158,罗甸县
2585,7159,长顺县
2586,7161,龙里县
2587,7162,惠水县
2588,7163,三都水族自治县
2589,7300,云南省
2590,7310,昆明市
2591,7311,东川区
2592,7312,晋宁县
2593,7313,安宁市
2594,7314,富民县
2595,7315,宜良县
2596,7316,石林彝族自治县
2597,7317,嵩明县
2598,7318,禄劝彝族苗族自治县
2599,7319,寻甸回族彝族自治县
2600,7321,呈贡区
2601,7322,五华区
2602,7323,盘龙区
2603,7324,官渡区
2604,7325,西山区
2605,7340,昭通市
2606,7342,鲁甸县
2607,7343,巧家县
2608,7344,盐津县
2609,7345,大关县
2610,7346,永善县
2611,7347,绥江县
2612,7348,镇雄县
2613,7349,彝良县
2614,7351,威信县
2615,7352,水富县
2616,7353,昭阳区
2617,7360,曲靖市
2618,7362,马龙县
2619,7363,宣威市
2620,7364,富源县
2621,7365,罗平县
2622,7366,师宗县
2623,7367,陆良县
2624,7369,会泽县
2625,7371,沾益县
2626,7372,麒麟区
2627,7380,楚雄彝族自治州
2628,7381,楚雄市
2629,7382,双柏县
2630,7383,牟定县
2631,7384,南华县
2632,7385,姚安县
2633,7386,大姚县
2634,7387,永仁县
2635,7388,元谋县
2636,7389,武定县
2637,7391,禄丰县
2638,7410,玉溪市
2639,7411,红塔区
2640,7412,江川县
2641,7413,澄江县
2642,7414,通海县
2643,7415,华宁县
2644,7416,易门县
2645,7417,峨山彝族自治县
2646,7418,新平彝族傣族自治县
2647,7419,元江哈尼族彝族傣族自治县
2648,7430,红河哈尼族彝族自治州
2649,7431,个旧市
2650,7432,开远市
2651,7433,蒙自市
2652,7434,屏边苗族自治县
2653,7435,建水县
2654,7436,石屏县
2655,7437,弥勒市
2656,7438,泸西县
2657,7439,元阳县
2658,7441,红河县
2659,7442,金平苗族瑶族傣族自治县
2660,7443,绿春县
2661,7444,河口瑶族自治县
2662,7450,文山壮族苗族自治州
2663,7451,文山市
2664,7452,砚山县
2665,7453,西畴县
2666,7454,麻栗坡县
2667,7455,马关县
2668,7456,丘北县
2669,7457,广南县
2670,7458,富宁县
2671,7470,普洱市
2672,7471,思茅区
2673,7472,宁洱哈尼族彝族自治县
2674,7473,墨江哈尼族自治县
2675,7474,景东彝族自治县
2676,7475,景谷傣族彝族自治县
2677,7476,镇沅彝族哈尼族拉祜族自治县
2678,7477,江城哈尼族彝族自治县
2679,7478,孟连傣族拉祜族佤族自治县
2680,7479,澜沧拉祜族自治县
2681,7481,西盟佤族自治县
2682,7490,西双版纳傣族自治州
2683,7491,景洪市
2684,7492,勐海县
2685,7493,勐腊县
2686,7510,大理白族自治州
2687,7511,大理市
2688,7512,漾濞彝族自治县
2689,7513,祥云县
2690,7514,宾川县
2691,7515,弥渡县
2692,7516,南涧彝族自治县
2693,7517,巍山彝族回族自治县
2694,7518,永平县
2695,7519,云龙县
2696,7521,洱源县
2697,7522,剑川县
2698,7523,鹤庆县
2699,7530,保山市
2700,7531,隆阳区
2701,7532,施甸县
2702,7533,腾冲县
2703,7534,龙陵县
2704,7535,昌宁县
2705,7540,德宏傣族景颇族自治州
2706,7542,芒市
2707,7543,梁河县
2708,7544,盈江县
2709,7545,陇川县
2710,7546,瑞丽市
2711,7550,丽江市
2712,7551,古城区
2713,7552,永胜县
2714,7553,华坪县
2715,7554,宁蒗彝族自治县
2716,7555,玉龙纳西族自治县
2717,7560,怒江傈僳族自治州
2718,7561,泸水县
2719,7562,福贡县
2720,7563,贡山独龙族怒族自治县
2721,7564,兰坪白族普米族自治县
2722,7570,迪庆藏族自治州
2723,7571,香格里拉市
2724,7572,德钦县
2725,7573,维西傈僳族自治县
2726,7580,临沧市
2727,7581,临翔区
2728,7582,凤庆县
2729,7583,云　县
2730,7584,永德县
2731,7585,镇康县
2732,7586,双江拉祜族佤族布朗族傣族自治县
2733,7587,耿马傣族佤族自治县
2734,7588,沧源佤族自治县
2735,7700,西藏自治区
2736,7710,拉萨市
2737,7711,林周县
2738,7712,当雄县
2739,7713,尼木县
2740,7714,曲水县
2741,7715,堆龙德庆县
2742,7716,达孜县
2743,7717,墨竹工卡县
2744,7718,城关区
2745,7720,昌都市
2746,7721,卡若区
2747,7722,江达县
2748,7723,贡觉县
2749,7724,类乌齐县
2750,7725,丁青县
2751,7726,察雅县
2752,7727,八宿县
2753,7728,左贡县
2754,7729,芒康县
2755,7731,洛隆县
2756,7732,边坝县
2757,7740,山南地区
2758,7741,乃东县
2759,7742,扎囊县
2760,7743,贡嘎县
2761,7744,桑日县
2762,7745,琼结县
2763,7746,曲松县
2764,7747,措美县
2765,7748,洛扎县
2766,7749,加查县
2767,7751,隆子县
2768,7752,错那县
2769,7753,浪卡子县
2770,7760,日喀则市
2771,7761,桑珠孜区
2772,7762,南木林县
2773,7763,江孜县
2774,7764,定日县
2775,7765,萨迦县
2776,7766,拉孜县
2777,7767,昂仁县
2778,7768,谢通门县
2779,7769,白朗县
2780,7771,仁布县
2781,7772,康马县
2782,7773,定结县
2783,7774,仲巴县
2784,7775,亚东县
2785,7776,吉隆县
2786,7777,聂拉木县
2787,7778,萨嘎县
2788,7779,岗巴县
2789,7790,那曲地区
2790,7791,那曲县
2791,7792,嘉黎县
2792,7793,比如县
2793,7794,聂荣县
2794,7795,安多县
2795,7796,申扎县
2796,7797,索　县
2797,7798,班戈县
2798,7799,巴青县
2799,7801,尼玛县
2800,7802,双湖县
2801,7810,阿里地区
2802,7811,普兰县
2803,7812,札达县
2804,7813,噶尔县
2805,7814,日土县
2806,7815,革吉县
2807,7816,改则县
2808,7817,措勤县
2809,7830,林芝地区
2810,7831,林芝县
2811,7832,工布江达县
2812,7833,米林县
2813,7834,墨脱县
2814,7835,波密县
2815,7836,察隅县
2816,7837,朗县
2817,7900,陕西省
2818,7904,西咸新区
2819,,空港新城
2820,,沣东新城
2821,,秦汉新城
2822,,沣西新城
2823,,泾河新城
2824,7910,西安市
2825,7911,新城区
2826,7912,蓝田县
2827,7913,碑林区
2828,7914,周至县
2829,7915,户县
2830,7916,高陵区
2831,7917,临潼区
2832,7918,莲湖区
2833,7919,灞桥区
2834,8081,未央区
2835,8082,雁塔区
2836,8083,阎良区
2837,8084,长安区
2838,7920,铜川市
2839,7921,王益区
2840,7922,宜君县
2841,7923,印台区
2842,7924,耀州区
2843,7930,宝鸡市
2844,7931,渭滨区
2845,7932,凤翔县
2846,7933,岐山县
2847,7934,扶风县
2848,7935,眉　县
2849,7936,陇　县
2850,7937,千阳县
2851,7938,麟游县
2852,7939,凤　县
2853,7941,太白县
2854,7942,金台区
2855,7943,陈仓区
2856,7950,咸阳市
2857,7951,兴平市
2858,7952,三原县
2859,7953,泾阳县
2860,7954,乾　县
2861,7955,礼泉县
2862,7956,永寿县
2863,7957,彬　县
2864,7958,长武县
2865,7959,旬邑县
2866,7961,淳化县
2867,7962,武功县
2868,7963,秦都区
2869,7964,杨陵区
2870,7965,渭城区
2871,7970,渭南市
2872,7971,临渭区
2873,7972,韩城市
2874,7973,华县
2875,7974,华阴市
2876,7975,潼关县
2877,7976,大荔县
2878,7977,蒲城县
2879,7978,澄城县
2880,7979,白水县
2881,7981,合阳县
2882,7982,富平县
2883,7990,汉中市
2884,7991,汉台区
2885,7992,南郑县
2886,7993,城固县
2887,7994,洋县
2888,7995,西乡县
2889,7996,勉县
2890,7997,宁强县
2891,7998,略阳县
2892,7999,镇巴县
2893,8001,留坝县
2894,8002,佛坪县
2895,8010,安康市
2896,8011,汉滨区
2897,8012,汉阴县
2898,8013,石泉县
2899,8014,宁陕县
2900,8015,紫阳县
2901,8016,岚皋县
2902,8017,平利县
2903,8018,镇坪县
2904,8019,旬阳县
2905,8021,白河县
2906,8030,商洛市
2907,8031,商州区
2908,8032,洛南县
2909,8033,丹凤县
2910,8034,商南县
2911,8035,山阳县
2912,8036,镇安县
2913,8037,柞水县
2914,8040,延安市
2915,8041,宝塔区
2916,8042,延长县
2917,8043,延川县
2918,8044,子长县
2919,8045,安塞县
2920,8046,志丹县
2921,8047,吴起县
2922,8048,甘泉县
2923,8049,富　县
2924,8051,洛川县
2925,8052,宜川县
2926,8053,黄龙县
2927,8054,黄陵县
2928,8060,榆林市
2929,8061,榆阳区
2930,8062,神木县
2931,8063,府谷县
2932,8064,横山县
2933,8065,靖边县
2934,8066,定边县
2935,8067,绥德县
2936,8068,米脂县
2937,8069,佳县
2938,8071,吴堡县
2939,8072,清涧县
2940,8073,子洲县
2941,8200,甘肃省
2942,8210,兰州市
2943,8211,永登县
2944,8212,皋兰县
2945,8213,榆中县
2946,8214,七里河区
2947,8215,城关区
2948,8216,西固区
2949,8217,安宁区
2950,8218,红古区
2951,8220,嘉峪关市
2952,,雄关区
2953,,长城区
2954,,镜铁区
2955,8230,金昌市
2956,8231,永昌县
2957,8232,金川区
2958,8240,白银市
2959,8241,靖远县
2960,8242,会宁县
2961,8243,景泰县
2962,8244,白银区
2963,8245,平川区
2964,8250,天水市
2965,8251,清水县
2966,8252,秦安县
2967,8253,甘谷县
2968,8254,武山县
2969,8255,张家川回族自治县
2970,8256,秦州区
2971,8257,麦积区
2972,8260,酒泉市
2973,8261,玉门市
2974,8262,肃州区
2975,8263,敦煌市
2976,8264,金塔县
2977,8265,肃北蒙古族自治县
2978,8266,阿克塞哈萨克族自治县
2979,8267,瓜州县
2980,8270,张掖市
2981,8271,甘州区
2982,8272,肃南裕固族自治县
2983,8273,民乐县
2984,8274,临泽县
2985,8275,高台县
2986,8276,山丹县
2987,8280,武威市
2988,8281,凉州区
2989,8282,民勤县
2990,8283,古浪县
2991,8284,天祝藏族自治县
2992,8290,定西市
2993,8291,安定区
2994,8292,通渭县
2995,8293,陇西县
2996,8294,渭源县
2997,8295,临洮县
2998,8296,漳县
2999,8297,岷县
3000,8310,陇南市
3001,8311,武都区
3002,8312,宕昌县
3003,8313,成县
3004,8314,康县
3005,8315,文县
3006,8316,西和县
3007,8317,礼县
3008,8318,两当县
3009,8319,徽县
3010,8330,平凉市
3011,8331,崆峒区
3012,8332,泾川县
3013,8333,灵台县
3014,8334,崇信县
3015,8335,华亭县
3016,8336,庄浪县
3017,8337,静宁县
3018,8340,庆阳市
3019,8342,庆城县
3020,8343,环县
3021,8344,华池县
3022,8345,合水县
3023,8346,正宁县
3024,8347,宁县
3025,8348,镇原县
3026,8349,西峰区
3027,8360,临夏回族自治州
3028,8361,临夏市
3029,8362,临夏县
3030,8363,康乐县
3031,8364,永靖县
3032,8365,广河县
3033,8366,和政县
3034,8367,东乡族自治县
3035,8368,积石山保安族东乡族撒拉族自治县
3036,8380,甘南藏族自治州
3037,8381,临潭县
3038,8382,卓尼县
3039,8383,舟曲县
3040,8384,迭部县
3041,8385,玛曲县
3042,8386,碌曲县
3043,8387,夏河县
3044,8388,合作市
3045,8500,青海省
3046,8510,西宁市
3047,8511,大通回族土族自治县
3048,8512,湟中县
3049,8513,湟源县
3050,8514,城东区
3051,8515,城中区
3052,8516,城西区
3053,8517,城北区
3054,8520,海东市
3055,8521,平安县
3056,8522,民和回族土族自治县
3057,8523,乐都区
3058,8526,互助土族自治县
3059,8527,化隆回族自治县
3060,8528,循化撒拉族自治县
3061,8540,海北藏族自治州
3062,8541,门源回族自治县
3063,8542,祁连县
3064,8543,海晏县
3065,8544,刚察县
3066,8550,黄南藏族自治州
3067,8551,同仁县
3068,8552,尖扎县
3069,8553,泽库县
3070,8554,河南蒙古族自治县
3071,8560,海南藏族自治州
3072,8561,共和县
3073,8562,同德县
3074,8563,贵德县
3075,8564,兴海县
3076,8565,贵南县
3077,8570,果洛藏族自治州
3078,8571,玛沁县
3079,8572,班玛县
3080,8573,甘德县
3081,8574,达日县
3082,8575,久治县
3083,8576,玛多县
3084,8580,玉树藏族自治州
3085,8581,玉树县
3086,8582,杂多县
3087,8583,称多县
3088,8584,治多县
3089,8585,囊谦县
3090,8586,曲麻莱县
3091,8590,海西蒙古族藏族自治州
3092,8591,格尔木市
3093,8592,德令哈市
3094,8593,乌兰县
3095,8594,都兰县
3096,8595,天峻县
3097,8700,宁夏回族自治区
3098,8710,银川市
3099,8711,永宁县
3100,8712,贺兰县
3101,8713,灵武市
3102,8714,兴庆区
3103,8715,西夏区
3104,8716,金凤区
3105,8720,石嘴山市
3106,8721,平罗县
3107,8722,大武口区
3108,8723,惠农区
3109,8730,吴忠市
3110,8731,利通区
3111,8732,青铜峡市
3112,8733,红寺堡区
3113,8736,盐池县
3114,8737,同心县
3115,8740,固原市
3116,8741,原州区
3117,8743,西吉县
3118,8744,隆德县
3119,8745,泾源县
3120,8746,彭阳县
3121,8750,中卫市
3122,8751,中宁县
3123,8752,海原县
3124,8753,沙坡头区
3125,8800,新疆维吾尔族自治区
3126,8810,乌鲁木齐市
3127,8811,乌鲁木齐县
3128,8812,米东区
3129,8813,天山区
3130,8814,沙依巴克区
3131,8815,新市区
3132,8816,水磨沟区
3133,8817,头屯河区
3134,8818,达坂城区
3135,8820,克拉玛依市
3136,8821,独山子区
3137,8822,克拉玛依区
3138,8823,白碱滩区
3139,8824,乌尔禾区
3140,8830,吐鲁番地区
3141,8831,吐鲁番市
3142,8832,鄯善县
3143,8833,托克逊县
3144,8840,哈密地区
3145,8841,哈密市
3146,8842,巴里坤哈萨克自治县
3147,8843,伊吾县
3148,8850,昌吉回族自治州
3149,8851,昌吉市
3150,8853,呼图壁县
3151,8854,玛纳斯县
3152,8855,奇台县
3153,8856,阜康市
3154,8857,吉木萨尔县
3155,8858,木垒哈萨克自治县
3156,8870,博尔塔拉蒙古自治州
3157,8871,博乐市
3158,8872,精河县
3159,8873,温泉县
3160,8874,阿拉山口市
3161,8880,巴音郭楞蒙古自治州
3162,8881,库尔勒市
3163,8882,轮台县
3164,8883,尉犁县
3165,8884,若羌县
3166,8885,且末县
3167,8886,焉耆回族自治县
3168,8887,和静县
3169,8888,和硕县
3170,8889,博湖县
3171,8910,阿克苏地区
3172,8911,阿克苏市
3173,8912,温宿县
3174,8913,库车县
3175,8914,沙雅县
3176,8915,新和县
3177,8916,拜城县
3178,8917,乌什县
3179,8918,阿瓦提县
3180,8919,柯坪县
3181,8930,克孜勒苏柯尔克孜自治州
3182,8931,阿图什市
3183,8932,阿克陶县
3184,8933,阿合奇县
3185,8934,乌恰县
3186,8940,喀什地区
3187,8941,喀什市
3188,8942,疏附县
3189,8943,疏勒县
3190,8944,英吉沙县
3191,8945,泽普县
3192,8946,莎车县
3193,8947,叶城县
3194,8948,麦盖提县
3195,8949,岳普湖县
3196,8951,伽师县
3197,8952,巴楚县
3198,8953,塔什库尔干塔吉克自治县
3199,8960,和田地区
3200,8961,和田市
3201,8962,和田县
3202,8963,墨玉县
3203,8964,皮山县
3204,8965,洛浦县
3205,8966,策勒县
3206,8967,于田县
3207,8968,民丰县
3208,8980,伊犁哈萨克自治州
3209,8981,奎屯市
3210,8983,霍尔果斯市
3211,8991,伊宁市
3212,8992,伊宁县
3213,8993,察布查尔锡伯自治县
3214,8994,霍城县
3215,8995,巩留县
3216,8996,新源县
3217,8997,昭苏县
3218,8998,特克斯县
3219,8999,尼勒克县
3220,9010,塔城地区
3221,9011,塔城市
3222,9012,额敏县
3223,9013,乌苏市
3224,9014,沙湾县
3225,9015,托里县
3226,9016,裕民县
3227,9017,和布克赛尔蒙古自治县
3228,9020,阿勒泰地区
3229,9021,阿勒泰市
3230,9022,布尔津县
3231,9023,富蕴县
3232,9024,福海县
3233,9025,哈巴河县
3234,9026,青河县
3235,9027,吉木乃县
3236,9028,石河子市
3237,9028,石河子市
3238,9041,阿拉尔市
3239,9041,阿拉尔市
3240,9042,图木舒克市
3241,9042,图木舒克市
3242,9043,五家渠市
3243,9043,五家渠市
3244,9044,北屯市
3245,9044,北屯市
3246,9045,双河市
3247,9045,双河市
3248,8890,铁门关市
3249,8890,铁门关市
